,日期,场所,事件,district,street
0,2022-01-08 00:00:00,辛庄镇碧水世纪园,划定封控区,津南区,辛柴路桥
1,2022-01-08 00:00:00,华远波士顿上东轩,划定封控区,津南区,永胜道
2,2022-01-08 00:00:00,鑫昱花园,划定封控区,津南区,永红道
3,2022-01-08 00:00:00,林锦花园,划定封控区,津南区,永胜道
4,2022-01-08 00:00:00,义佳花园,划定封控区,津南区,慧通道
5,2022-01-08 00:00:00,鑫旺里,划定封控区,津南区,鑫盛路
6,2022-01-08 00:00:00,咸水沽镇新祥园,划定封控区,津南区,丰收路
7,2022-01-08 00:00:00,新旭园,划定封控区,津南区,丰收路
8,2022-01-08 00:00:00,鑫洋园,划定封控区,津南区,S105(津南环线)
9,2022-01-08 00:00:00,金才园,划定封控区,津南区,S350(津南大道)
10,2022-01-08 00:00:00,丰达园,划定封控区,津南区,南华路
11,2022-01-08 00:00:00,众惠里,划定封控区,津南区,南华路
12,2022-01-08 00:00:00,紫江馨苑,划定封控区,津南区,紫江路
13,2022-01-08 00:00:00,益华里,划定封控区,津南区,富源里
14,2022-01-08 00:00:00,南华里,划定封控区,河西区,闽侯路
15,2022-01-08 00:00:00,龙湖紫宸,划定封控区,津南区,S317(二八公路)
16,2022-01-08 00:00:00,谷星里,划定封控区,津南区,南汝昌路
17,2022-01-08 00:00:00,东旺家园,划定封控区,津南区,津沽大街
18,2022-01-08 00:00:00,宝业馨苑,划定封控区,津南区,新兴南路
19,2022-01-08 00:00:00,沽上江南,划定封控区,津南区,建国大街
20,2022-01-08 00:00:00,合畅园,划定封控区,津南区,海河故道北路
21,2022-01-08 00:00:00,惠苑里,划定封控区,津南区,建国大街
22,2022-01-08 00:00:00,君汇名邸,划定封控区,津南区,剧场西路
23,2022-01-08 00:00:00,水岸华庭,划定封控区,津南区,同德路
24,2022-01-08 00:00:00,双桥河镇兆和园,划定封控区,津南区,南华路
25,2022-01-08 00:00:00,小站镇慧林园,划定封控区,津南区,寿昌路
26,2022-01-08 00:00:00,北闸口镇尚礼园,划定封控区,津南区,福惠道
27,2022-01-08 00:00:00,辛庄镇（除封控区以外的区域）,划定管控区,津南区,津沽公路辅路
28,2022-01-08 00:00:00,咸水沽镇（除封控区以外的区域）,划定管控区,津南区,丰收路
29,2022-01-08 00:00:00,津南区以海河、外环南路、津港高速（含联络线），唐津高速、双桥河围合区域,划定防范区,津南区,G233(津沽桥)
30,2022-01-08 00:00:00,南开区竹华里14号楼,划定封控区,南开区,宾水西道延长线
31,2022-01-08 00:00:00,南开区竹华里（不含别墅区和三栋高层）,划定管控区,南开区,华苑西路
32,2022-01-08 00:00:00,地铁1号线李楼站D口,只出不进,河西区,大沽南路
33,2022-01-08 00:00:00,地铁1号线高庄子站D口,只出不进,河西区,大沽南路
34,2022-01-08 00:00:00,地铁1号线国家会展中心站C口,只出不进,河北区,南口路
35,2022-01-08 00:00:00,地铁1号线国瑞路站A口,只出不进,河西区,大沽南路
36,2022-01-08 00:00:00,地铁1号线东沽路站C口,只出不进,河西区,大沽南路
37,2022-01-08 00:00:00,地铁6号线二期渌水道站C口,只出不进,东丽区,
38,2022-01-08 00:00:00,地铁6号线二期双港站A口,只出不进,东丽区,
39,2022-01-08 00:00:00,地铁6号线二期景荷道站B口,只出不进,东丽区,
40,2022-01-08 00:00:00,地铁6号线二期景荔道站C口,只出不进,东丽区,
41,2022-01-08 00:00:00,地铁6号线二期天津大学北洋园校区站D口,只出不进,津南区,新元中路
42,2022-01-08 00:00:00,地铁6号线二期海河教育园区站A口,只出不进,东丽区,
43,2022-01-08 00:00:00,地铁6号线二期南开大学津南校区站A口,只出不进,东丽区,
44,2022-01-08 00:00:00,地铁6号线二期和慧南路站B1口,只出不进,东丽区,
45,2022-01-08 00:00:00,地铁6号线二期咸水沽西站A口,只出不进,东丽区,
46,2022-01-08 00:00:00,公交131津南区段,停运,津南区,体育场路
47,2022-01-08 00:00:00,公交930津南区段,停运,津南区,体育场路
48,2022-01-09 00:00:00,地铁1号线东沽路站,停运,河西区,大沽南路
49,2022-01-09 00:00:00,地铁1号线国瑞路站,停运,河西区,大沽南路
50,2022-01-09 00:00:00,地铁1号线国家会展中心站,停运,河北区,南口路
51,2022-01-09 00:00:00,地铁1号线上郭庄站,停运,河西区,大沽南路
52,2022-01-09 00:00:00,地铁1号线高庄子站,停运,河西区,大沽南路
53,2022-01-09 00:00:00,地铁1号线洪泥河东站,停运,河西区,大沽南路
54,2022-01-09 00:00:00,地铁1号线梨双路北站,停运,津南区,X441(梨双路)
55,2022-01-09 00:00:00,地铁1号线李楼站,停运,河西区,大沽南路
56,2022-01-09 00:00:00,地铁6号线二期咸水沽西,停运,东丽区,
57,2022-01-09 00:00:00,地铁6号线二期和慧南路,停运,津南区,和慧南路
58,2022-01-09 00:00:00,地铁6号线二期南开大学津南校区,停运,东丽区,
59,2022-01-09 00:00:00,地铁6号线二期海河教育园区,停运,东丽区,
60,2022-01-09 00:00:00,地铁6号线二期天津大学北洋园校区,停运,津南区,新元中路
61,2022-01-09 00:00:00,地铁6号线二期景荔道,停运,津南区,景荔道
62,2022-01-09 00:00:00,地铁6号线二期景荷道,停运,东丽区,
63,2022-01-09 00:00:00,地铁6号线二期双港,停运,东丽区,
64,2022-01-09 00:00:00,地铁6号线二期渌水道,停运,东丽区,
65,2022-01-09 00:00:00,公交659区间,停运,河西区,宾水道
66,2022-01-09 00:00:00,公交612,停运,河西区,宾水道
67,2022-01-09 00:00:00,公交612快,停运,河西区,宾水道
68,2022-01-09 00:00:00,公交613,停运,河西区,宾水道
69,2022-01-09 00:00:00,公交615,停运,河西区,宾水道
70,2022-01-09 00:00:00,公交615快,停运,河西区,宾水道
71,2022-01-09 00:00:00,公交223,停运,河西区,宾水道
72,2022-01-09 00:00:00,公交205,停运,河西区,宾水道
73,2022-01-09 00:00:00,公交207,停运,河西区,宾水道
74,2022-01-09 00:00:00,公交212东,停运,河西区,宾水道
75,2022-01-09 00:00:00,公交201,停运,河西区,宾水道
76,2022-01-09 00:00:00,公交218,停运,河西区,宾水道
77,2022-01-09 00:00:00,公交213,停运,河西区,宾水道
78,2022-01-09 00:00:00,公交215,停运,河西区,宾水道
79,2022-01-09 00:00:00,公交216,停运,河西区,宾水道
80,2022-01-09 00:00:00,公交203,停运,河西区,宾水道
81,2022-01-09 00:00:00,公交202,停运,河西区,宾水道
82,2022-01-09 00:00:00,公交212西,停运,河西区,宾水道
83,2022-01-09 00:00:00,公交214,停运,河西区,宾水道
84,2022-01-09 00:00:00,公交217,停运,河西区,宾水道
85,2022-01-09 00:00:00,公交219,停运,河西区,宾水道
86,2022-01-09 00:00:00,公交226东,停运,河西区,宾水道
87,2022-01-09 00:00:00,公交226西,停运,河西区,宾水道
88,2022-01-09 00:00:00,公交228,停运,河西区,宾水道
89,2022-01-09 00:00:00,公交309,停运,河西区,宾水道
90,2022-01-09 00:00:00,公交186,停运,河西区,宾水道
91,2022-01-09 00:00:00,公交688,停运,河西区,宾水道
92,2022-01-09 00:00:00,公交158,停运,河西区,宾水道
93,2022-01-09 00:00:00,公交176,停运,河西区,宾水道
94,2022-01-09 00:00:00,公交186快线,停运,河西区,宾水道
95,2022-01-09 00:00:00,公交605,停运,河西区,宾水道
96,2022-01-09 00:00:00,公交211,区间运营,河西区,宾水道
97,2022-01-09 00:00:00,公交374,区间运营,河西区,宾水道
98,2022-01-09 00:00:00,公交808,区间运营,河西区,宾水道
99,2022-01-09 00:00:00,公交629,区间运营,河西区,宾水道
100,2022-01-09 00:00:00,公交304,区间运营,河西区,宾水道
101,2022-01-09 00:00:00,公交682,区间运营,河西区,宾水道
102,2022-01-09 00:00:00,公交705,区间运营,河西区,宾水道
103,2022-01-09 00:00:00,公交213,区间运营,河西区,宾水道
104,2022-01-09 00:00:00,公交208,区间运营,河西区,宾水道
105,2022-01-09 00:00:00,公交652快,区间运营,河西区,宾水道
106,2022-01-09 00:00:00,公交652北,区间运营,河西区,宾水道
107,2022-01-09 00:00:00,公交652南,区间运营,河西区,宾水道
108,2022-01-09 00:00:00,公交220,区间运营,河西区,宾水道
109,2022-01-09 00:00:00,公交627,区间运营,河西区,宾水道
110,2022-01-09 00:00:00,公交655,区间运营,河西区,宾水道
111,2022-01-09 00:00:00,公交704,区间运营,河西区,宾水道
112,2022-01-09 00:00:00,公交855,区间运营,河西区,宾水道
113,2022-01-09 00:00:00,公交703,区间运营,河西区,宾水道
114,2022-01-09 00:00:00,公交659,区间运营,河西区,宾水道
115,2022-01-09 00:00:00,公交326,改道运营,河西区,宾水道
116,2022-01-09 00:00:00,公交706,改道运营,河西区,宾水道
117,2022-01-09 00:00:00,公交186,停运,河西区,宾水道
118,2022-01-09 00:00:00,公交688,停运,河西区,宾水道
119,2022-01-09 00:00:00,公交158,停运,河西区,宾水道
120,2022-01-09 00:00:00,公交176,停运,河西区,宾水道
121,2022-01-09 00:00:00,公交186快线,停运,河西区,宾水道
122,2022-01-09 00:00:00,公交717,停运,河西区,宾水道
123,2022-01-09 00:00:00,公交716,停运,河西区,宾水道
124,2022-01-09 00:00:00,公交371,停运,河西区,宾水道
125,2022-01-09 00:00:00,公交780,停运,河西区,宾水道
126,2022-01-09 00:00:00,公交211,停运,河西区,宾水道
127,2022-01-09 00:00:00,公交207,停运,河西区,宾水道
128,2022-01-09 00:00:00,公交212东线,停运,河西区,宾水道
129,2022-01-09 00:00:00,公交202,停运,河西区,宾水道
130,2022-01-09 00:00:00,公交212西线,停运,河西区,宾水道
131,2022-01-09 00:00:00,公交214,停运,河西区,宾水道
132,2022-01-09 00:00:00,公交217,停运,河西区,宾水道
133,2022-01-09 00:00:00,公交219,停运,河西区,宾水道
134,2022-01-09 00:00:00,公交224,停运,河西区,宾水道
135,2022-01-09 00:00:00,公交226,停运,河西区,宾水道
136,2022-01-09 00:00:00,公交228,停运,河西区,宾水道
137,2022-01-09 00:00:00,公交309,停运,河西区,宾水道
138,2022-01-09 00:00:00,公交215,停运,河西区,宾水道
139,2022-01-09 00:00:00,公交216,停运,河西区,宾水道
140,2022-01-09 00:00:00,公交201,停运,河西区,宾水道
141,2022-01-09 00:00:00,公交213,停运,河西区,宾水道
142,2022-01-09 00:00:00,公交218,停运,河西区,宾水道
143,2022-01-09 00:00:00,公交203,停运,河西区,宾水道
144,2022-01-09 00:00:00,公交220,停运,河西区,宾水道
145,2022-01-09 00:00:00,公交627,停运,河西区,宾水道
146,2022-01-09 00:00:00,公交301,停运,河西区,宾水道
147,2022-01-09 00:00:00,公交349,停运,河西区,宾水道
148,2022-01-09 00:00:00,公交755,停运,河西区,宾水道
149,2022-01-09 00:00:00,公交372,停运,河西区,宾水道
150,2022-01-09 00:00:00,公交663,停运,河西区,宾水道
151,2022-01-09 00:00:00,公交664,停运,河西区,宾水道
152,2022-01-09 00:00:00,公交690东线,停运,河西区,宾水道
153,2022-01-09 00:00:00,公交694,停运,河西区,宾水道
154,2022-01-09 00:00:00,公交720,停运,河西区,宾水道
155,2022-01-09 00:00:00,公交204,停运,河西区,宾水道
156,2022-01-09 00:00:00,公交756,停运,河西区,宾水道
157,2022-01-09 00:00:00,公交163,停运,河西区,宾水道
158,2022-01-09 00:00:00,公交758,停运,河西区,宾水道
159,2022-01-09 00:00:00,公交826,停运,河西区,宾水道
160,2022-01-09 00:00:00,公交684,停运,河西区,宾水道
161,2022-01-09 00:00:00,公交751,停运,河西区,宾水道
162,2022-01-09 00:00:00,公交714,停运,河西区,宾水道
163,2022-01-09 00:00:00,公交373,停运,河西区,宾水道
164,2022-01-09 00:00:00,公交227,停运,河西区,宾水道
165,2022-01-09 00:00:00,公交762,停运,河西区,宾水道
166,2022-01-09 00:00:00,公交209,停运,河西区,宾水道
167,2022-01-09 00:00:00,公交616,停运,河西区,宾水道
168,2022-01-09 00:00:00,公交654,停运,河西区,宾水道
169,2022-01-09 00:00:00,公交753,停运,河西区,宾水道
170,2022-01-09 00:00:00,公交605,停运,河西区,宾水道
171,2022-01-09 00:00:00,公交366路,停运,河西区,宾水道
172,2022-01-09 00:00:00,公交654区间,停运,河西区,宾水道
173,2022-01-09 00:00:00,公交950,停运,河西区,宾水道
174,2022-01-09 00:00:00,公交703,停运,河西区,宾水道
175,2022-01-09 00:00:00,公交636,停运,河西区,宾水道
176,2022-01-09 00:00:00,公交709,停运,河西区,宾水道
177,2022-01-09 00:00:00,公交96,停运,河西区,宾水道
178,2022-01-09 00:00:00,公交620,停运,河西区,宾水道
179,2022-01-09 00:00:00,公交690西线,停运,河西区,宾水道
180,2022-01-09 00:00:00,公交373区间,停运,河西区,宾水道
181,2022-01-09 00:00:00,公交304,区间运营,河西区,宾水道
182,2022-01-09 00:00:00,公交682,区间运营,河西区,宾水道
183,2022-01-09 00:00:00,公交705,区间运营,河西区,宾水道
184,2022-01-09 00:00:00,公交629,区间运营,河西区,宾水道
185,2022-01-09 00:00:00,公交808,区间运营,河西区,宾水道
186,2022-01-09 00:00:00,公交855,区间运营,河西区,宾水道
187,2022-01-09 00:00:00,公交652,区间运营,河西区,宾水道
188,2022-01-09 00:00:00,公交208,区间运营,河西区,宾水道
189,2022-01-09 00:00:00,公交374,区间运营,河西区,宾水道
190,2022-01-09 00:00:00,公交655,区间运营,河西区,宾水道
191,2022-01-09 00:00:00,公交704,区间运营,河西区,宾水道
192,2022-01-09 00:00:00,公交703,区间运营,河西区,宾水道
193,2022-01-09 00:00:00,公交342,区间运营,河西区,宾水道
194,2022-01-09 00:00:00,公交763,区间运营,河西区,宾水道
195,2022-01-09 00:00:00,公交761,区间运营,河西区,宾水道
196,2022-01-09 00:00:00,公交315,区间运营,河西区,宾水道
197,2022-01-09 00:00:00,公交蓟1,区间运营,河西区,宾水道
198,2022-01-09 00:00:00,公交宝3,区间运营,河西区,宾水道
199,2022-01-09 00:00:00,公交379,改道运营,河西区,宾水道
200,2022-01-09 00:00:00,公交848,改道运营,河西区,宾水道
201,2022-01-09 00:00:00,公交315,改道运营,河西区,宾水道
202,2022-01-09 00:00:00,公交639西,改道运营,河西区,宾水道
203,2022-01-09 00:00:00,公交702,改道运营,河西区,宾水道
204,2022-01-09 00:00:00,天津古文化街旅游区,关闭,南开区,天津古文化街古文化街
205,2022-01-09 00:00:00,大沽口炮台遗址博物馆,关闭,滨海新区,炮台路
206,2022-01-09 00:00:00,古海岸遗迹博物馆,关闭,滨海新区,S106(津歧公路)
207,2022-01-09 00:00:00,滨海新区博物馆,关闭,滨海新区,海河大道
208,2022-01-09 00:00:00,滨海新区图书馆,关闭,滨海新区,海兴一支路
209,2022-01-09 00:00:00,滨海新区文化馆,关闭,滨海新区,迎宾街辅路
210,2022-01-09 00:00:00,泰达航母主题公园,关闭,滨海新区,S11(海滨大道)
211,2022-01-09 00:00:00,天津方特,关闭,滨海新区,
212,2022-01-09 00:00:00,国家海洋博物馆,关闭,滨海新区,荣盛路
213,2022-01-09 00:00:00,天津海昌极地海洋公园,关闭,滨海新区,滨河南路
214,2022-01-09 00:00:00,东疆湾沙滩,关闭,滨海新区,天水道
215,2022-01-09 00:00:00,滨海科技馆,关闭,滨海新区,解放路
216,2022-01-09 00:00:00,长芦汉沽盐场,关闭,滨海新区,国家庄街
217,2022-01-09 00:00:00,泰达图书馆,关闭,滨海新区,宏达街
218,2022-01-09 00:00:00,中新友好图书馆,关闭,滨海新区,中泰大道
219,2022-01-09 00:00:00,天津古文化街,关闭,南开区,古文化街
220,2022-01-09 00:00:00,天津之眼摩天轮景区,关闭,红桥区,五马路
221,2022-01-09 00:00:00,国家海洋博物馆,关闭,滨海新区,荣盛路
222,2022-01-09 00:00:00,林锦花园24号楼,划定高风险地区,津南区,永胜道
223,2022-01-09 00:00:00,林绣花园5号楼,划定中风险地区,津南区,永胜道
224,2022-01-09 00:00:00,林锦花园26号楼,划定中风险地区,津南区,永胜道
225,2022-01-09 00:00:00,辛庄镇林锦花园19号楼,划定中风险地区,津南区,永胜道
226,2022-01-09 00:00:00,辛庄镇林锦花园15号楼,划定中风险地区,津南区,永胜道
227,2022-01-09 00:00:00,众惠里5号楼,划定中风险地区,津南区,南华路
228,2022-01-09 00:00:00,丰达园10号楼,划定中风险地区,津南区,南华路
229,2022-01-10 00:00:00,天津动物园,关闭,南开区,水上公园西路
230,2022-01-10 00:00:00,天津图书馆,关闭,河西区,徐州道
231,2022-01-09 00:00:00,以海河、外环南路、津港高速（含联络线）、唐津高速、双桥河的围合区域,划定管控区,河西区,台儿庄南路
232,2022-01-09 00:00:00,津南区,划定防范区,津南区,S107(津港公路)
233,2022-01-11 00:00:00,地铁1号线双林站,停运,河西区,大沽南路
234,2022-01-11 00:00:00,王稳庄镇,划定管控区,西青区,G205(山深线)
235,2022-01-11 00:00:00,大寺镇,划定管控区,西青区,静水道
236,2022-01-11 00:00:00,林锦花园,划定高风险地区,津南区,永胜道
237,2022-01-11 00:00:00,林绣花园,划定高风险地区,津南区,永胜道
238,2022-01-11 00:00:00,丰达园,划定高风险地区,津南区,南华路
239,2022-01-11 00:00:00,鑫昱花园,划定中风险地区,津南区,永红道
240,2022-01-11 00:00:00,义佳花园,划定中风险地区,津南区,慧通道
241,2022-01-11 00:00:00,龙湖紫宸,划定中风险地区,津南区,S317(二八公路)
242,2022-01-11 00:00:00,众惠里,划定中风险地区,津南区,南华路
243,2022-01-11 00:00:00,同泽园,划定中风险地区,津南区,津沽大街
244,2022-01-11 00:00:00,首创星景苑（除1号楼）,划定封控区,津南区,吉泰道
245,2022-01-11 00:00:00,上悦花园（除15号楼）,划定封控区,津南区,康和路
246,2022-01-11 00:00:00,碧水世纪园（除45号楼）,划定封控区,津南区,辛柴路桥
247,2022-01-11 00:00:00,碧水四季园（除46号楼）,划定封控区,津南区,辛柴路桥
248,2022-01-11 00:00:00,林锦花园（除2、4、10、15、16、17、19、21、23、24、26号楼）,划定封控区,津南区,永胜道
249,2022-01-11 00:00:00,林绣花园（除5、9号楼）,划定封控区,津南区,永胜道
250,2022-01-11 00:00:00,鑫昱花园（除6、10、13、19号楼）,划定封控区,津南区,永红道
251,2022-01-11 00:00:00,鑫庭花园（除3号楼）,划定封控区,津南区,永红道
252,2022-01-11 00:00:00,义佳花园（除2号楼）,划定封控区,津南区,慧通道
253,2022-01-11 00:00:00,咸水沽镇鑫洋园（除10号楼）,划定封控区,津南区,S105(津南环线)
254,2022-01-11 00:00:00,众惠里（除5号楼）,划定封控区,津南区,南华路
255,2022-01-11 00:00:00,兆合园（除6号楼）,划定封控区,津南区,南华路
256,2022-01-11 00:00:00,同泽园（除12号楼）,划定封控区,津南区,津沽大街
257,2022-01-11 00:00:00,丰达园（除1、10、26、33、38、40、41号楼）,划定封控区,津南区,南华路
258,2022-01-11 00:00:00,龙湖紫宸（除3、37、38号楼）,划定封控区,津南区,S317(二八公路)
259,2022-01-11 00:00:00,金泽园（除金泽园温泉洗浴中心）,划定封控区,西青区,金峰路
260,2022-01-11 00:00:00,双港镇新桃园（除3号楼）,划定封控区,津南区,缘海路
261,2022-01-11 00:00:00,李桃园（除2号楼）,划定封控区,津南区,洪沽道
262,2022-01-11 00:00:00,仁永名居（除6号楼）,划定封控区,津南区,赤龙街
263,2022-01-11 00:00:00,北闸口镇尚礼园（除31号楼）,划定封控区,津南区,福惠道
264,2022-01-11 00:00:00,尖山街瑞江花园竹苑24号楼,划定封控区,河西区,大任庄北路
265,2022-01-11 00:00:00,柳江路恒盛大厦1号楼,划定封控区,河西区,柳江路
266,2022-01-11 00:00:00,尖山街瑞江花园竹苑及沿街底商,划定管控区,河西区,大任庄北路
267,2022-01-11 00:00:00,清泉大众洗浴,划定管控区,河西区,柳江路
268,2022-01-11 00:00:00,书安烟酒,划定管控区,河西区,柳江路
269,2022-01-11 00:00:00,友谊路街东方富豪大酒店,划定管控区,东丽区,驯海路
270,2022-01-11 00:00:00,鲜物唯煮(河西店),划定管控区,河西区,柳江路
271,2022-01-11 00:00:00,尖山街瑞江花园及周边底商,划定防范区,河西区,大任庄北路
272,2022-01-11 00:00:00,友谊路街柳江路两端疫情防控卡口,划定防范区,河西区,柳江路
273,2022-01-12 00:00:00,地铁6号线乐园道站D1出入口,关闭,东丽区,
274,2022-01-12 00:00:00,地铁6号线新开河站C3出入口,关闭,东丽区,
275,2022-01-12 00:00:00,地铁6号线渌水道站D出入口,关闭,东丽区,
276,2022-01-13 00:00:00,鑫昱花园,划定高风险地区,津南区,永红道
277,2022-01-13 00:00:00,龙湖紫宸,划定高风险地区,津南区,S317(二八公路)
278,2022-01-13 00:00:00,碧水世纪园,划定中风险地区,津南区,辛柴路桥
279,2022-01-13 00:00:00,上悦花园,划定中风险地区,津南区,康和路
280,2022-01-13 00:00:00,鑫庭花园,划定中风险地区,津南区,永红道
281,2022-01-13 00:00:00,鑫旺里,划定中风险地区,津南区,鑫盛路
282,2022-01-13 00:00:00,张家嘴村,划定中风险地区,静海区,
283,2022-01-13 00:00:00,春福里（津九轩小区）,划定中风险地区,津南区,S317(南环路)
284,2022-01-13 00:00:00,东旺家园,划定中风险地区,津南区,津沽大街
285,2022-01-13 00:00:00,鑫洋园,划定中风险地区,津南区,S105(津南环线)
286,2022-01-13 00:00:00,尚湖苑,划定中风险地区,津南区,
287,2022-01-13 00:00:00,尚礼园,划定中风险地区,津南区,福惠道
288,2022-01-13 00:00:00,李桃园,划定中风险地区,津南区,洪沽道
289,2022-01-13 00:00:00,宇泰家园,划定中风险地区,西青区,
290,2022-01-13 00:00:00,王稳庄镇镇盛泰园,划定中风险地区,西青区,稳康路
291,2022-01-13 00:00:00,梅江街天潇园11号楼3门,划定封控区,河西区,白云山路
292,2022-01-13 00:00:00,梅江街天潇园11号楼（3门除外）,划定管控区,河西区,白云山路
293,2022-01-13 00:00:00,梅江街天潇园,划定防范区,河西区,柳江路
294,2022-01-13 00:00:00,林锦花园,划定封控区,津南区,永胜道
295,2022-01-13 00:00:00,林绣花园,划定封控区,津南区,永胜道
296,2022-01-13 00:00:00,鑫昱花园,划定封控区,津南区,永红道
297,2022-01-13 00:00:00,首创星景苑,划定封控区,津南区,吉泰道
298,2022-01-13 00:00:00,义佳花园,划定封控区,津南区,慧通道
299,2022-01-13 00:00:00,鑫喆花园,划定封控区,津南区,永红道
300,2022-01-13 00:00:00,碧水世纪园,划定封控区,津南区,辛柴路桥
301,2022-01-13 00:00:00,鑫庭花园,划定封控区,津南区,永红道
302,2022-01-13 00:00:00,上悦花园,划定封控区,津南区,康和路
303,2022-01-13 00:00:00,鑫旺里,划定封控区,津南区,鑫盛路
304,2022-01-13 00:00:00,华远波士顿上东苑,划定封控区,津南区,鑫怡路
305,2022-01-13 00:00:00,昕盛里,划定封控区,津南区,津沽公路辅路
306,2022-01-13 00:00:00,咸水沽镇丰达园,划定封控区,津南区,南华路
307,2022-01-13 00:00:00,鑫洋园,划定封控区,津南区,S105(津南环线)
308,2022-01-13 00:00:00,众惠里,划定封控区,津南区,南华路
309,2022-01-13 00:00:00,龙湖紫宸,划定封控区,津南区,S317(二八公路)
310,2022-01-13 00:00:00,同泽园,划定封控区,津南区,津沽大街
311,2022-01-13 00:00:00,诚信里,划定封控区,津南区,S350(津南大道)
312,2022-01-13 00:00:00,水岸华庭,划定封控区,津南区,同德路
313,2022-01-13 00:00:00,东旺家园,划定封控区,津南区,津沽大街
314,2022-01-13 00:00:00,津九轩,划定封控区,津南区,S317(南环路)
315,2022-01-13 00:00:00,合力园,划定封控区,津南区,海河故道北路
316,2022-01-13 00:00:00,双桥河镇兆和园,划定封控区,津南区,南华路
317,2022-01-13 00:00:00,海棠街成都八建建筑工地（雅馨路与祥明路交口）,划定封控区,津南区,祥明路
318,2022-01-13 00:00:00,双港镇欣桃园,划定封控区,津南区,缘海路
319,2022-01-13 00:00:00,李桃园,划定封控区,津南区,洪沽道
320,2022-01-13 00:00:00,仁永名居,划定封控区,津南区,赤龙街
321,2022-01-13 00:00:00,仁和园,划定封控区,津南区,X441(梨双路)
322,2022-01-13 00:00:00,尚礼园,划定封控区,津南区,福惠道
323,2022-01-13 00:00:00,汀兰花园,划定封控区,津南区,X461(白万路)
324,2022-01-13 00:00:00,宝业馨苑,划定封控区,津南区,新兴南路
325,2022-01-13 00:00:00,善和园,划定封控区,津南区,景荷道
326,2022-01-13 00:00:00,柳景家园,划定封控区,津南区,强盛路一期
327,2022-01-13 00:00:00,益鑫里3号楼,划定封控区,红桥区,红旗北路
328,2022-01-13 00:00:00,益鑫里小区（除3号楼）,划定管控区,红桥区,红旗北路
329,2022-01-13 00:00:00,仁爱花园,划定管控区,红桥区,西青道辅路
330,2022-01-13 00:00:00,益鑫里小区,划定防范区,红桥区,红旗北路
331,2022-01-13 00:00:00,泊胜达综合农贸市场,划定防范区,津南区,红旗路
332,2022-01-13 00:00:00,西青道3号楼及周边底商,划定防范区,红桥区,煤建东大道
333,2022-01-13 00:00:00,西青道4号楼及周边底商,划定防范区,红桥区,红旗北路
334,2022-01-13 00:00:00,西青道5号楼及周边底商,划定防范区,红桥区,西青道
335,2022-01-13 00:00:00,宇泰家园C区三栋楼,划定封控区,西青区,
336,2022-01-13 00:00:00,盛泰园16号楼,划定封控区,北辰区,嘉华路
337,2022-01-13 00:00:00,北口龙津园2号楼,划定封控区,西青区,X441(梨双路)
338,2022-01-13 00:00:00,海望园42门,划定封控区,滨海新区,第三大街
339,2022-01-13 00:00:00,海望园43门,划定封控区,滨海新区,第三大街
340,2022-01-13 00:00:00,海望园小区,划定管控区,滨海新区,翔实路
341,2022-01-13 00:00:00,国信大厦,划定管控区,滨海新区,第二大街
342,2022-01-13 00:00:00,腾飞路以东、翔实路以西、第三大街以南、第二大街以北之间区域,划定防范区,河西区,紫金山路
343,2022-01-15 00:00:00,华远波士顿上东苑,划定封控区,津南区,鑫怡路
344,2022-01-15 00:00:00,惠裕里,划定封控区,津南区,红旗路
345,2022-01-15 00:00:00,金才园,划定封控区,津南区,S350(津南大道)
346,2022-01-15 00:00:00,众祥园,划定封控区,津南区,众合北路
347,2022-01-17 00:00:00,博雅花园,划定封控区,蓟州区,武定西街
348,2022-01-17 00:00:00,金芳园,划定封控区,津南区,韩城桥路
349,2022-01-17 00:00:00,汀芳花园,划定封控区,津南区,文苑路
350,2022-01-17 00:00:00,双兴东里,划定封控区,津南区,双利南路
351,2022-01-17 00:00:00,顶秀欣园小区13号楼2门,划定封控区,东丽区,X437(赤海路)
352,2022-01-17 00:00:00,顶秀欣园小区（除13号楼2门外）,划定管控区,东丽区,X437(赤海路)
353,2022-01-17 00:00:00,华新街道（除顶秀欣园小区外）全域,划定防范区,东丽区,X437(赤海路)
354,2022-01-17 00:00:00,华明街道东至荣达路、南至弘贯东道、西至康惠路、北至弘程东道范围,划定防范区,东丽区,弘顺道
355,2022-01-17 00:00:00,金桥街道枫舒园,划定防范区,东丽区,茗华道
356,2022-01-18 00:00:00,小站镇西沟村丰乐路旁颐养院旁的别墅区1-4号楼,划定封控区,津南区,丰乐路
357,2022-01-18 00:00:00,宇泰家园C区三栋楼,划定封控区,西青区,
358,2022-01-18 00:00:00,大寺镇北口龙津园2号楼,划定封控区,西青区,X441(梨双路)
359,2022-01-18 00:00:00,王稳庄镇盛泰园16号楼,划定封控区,西青区,稳康路
360,2022-01-18 00:00:00,宇泰家园（不含C区三栋楼）,划定管控区,西青区,
361,2022-01-18 00:00:00,大寺镇北口龙津园（不含2号楼）,划定管控区,西青区,
362,2022-01-18 00:00:00,王稳庄镇盛泰园（不含16号楼）,划定管控区,西青区,稳康路
363,2022-01-18 00:00:00,王稳庄镇,划定防范区,西青区,G205(山深线)
364,2022-01-18 00:00:00,大寺镇,划定防范区,西青区,静水道
365,2022-01-17 00:00:00,林锦花园,划定高风险地区,津南区,永胜道
366,2022-01-17 00:00:00,林绣花园,划定高风险地区,津南区,永胜道
367,2022-01-17 00:00:00,鑫昱花园,划定高风险地区,津南区,永红道
368,2022-01-17 00:00:00,上悦花园,划定高风险地区,津南区,康和路
369,2022-01-17 00:00:00,首创星景苑,划定高风险地区,津南区,吉泰道
370,2022-01-17 00:00:00,鑫旺里,划定高风险地区,津南区,鑫盛路
371,2022-01-17 00:00:00,义佳花园,划定高风险地区,津南区,慧通道
372,2022-01-17 00:00:00,咸水沽镇丰达园,划定高风险地区,津南区,南华路
373,2022-01-17 00:00:00,龙湖紫宸,划定高风险地区,津南区,S317(二八公路)
374,2022-01-17 00:00:00,同泽园,划定高风险地区,津南区,津沽大街
375,2022-01-17 00:00:00,双港镇欣桃园,划定高风险地区,津南区,缘海路
376,2022-01-17 00:00:00,宇泰家园C区,划定高风险地区,西青区,
377,2022-01-17 00:00:00,碧水世纪园,划定中风险地区,津南区,辛柴路桥
378,2022-01-17 00:00:00,上东苑,划定中风险地区,津南区,鑫怡路
379,2022-01-17 00:00:00,汀芳花园,划定中风险地区,津南区,文苑路
380,2022-01-17 00:00:00,汀兰花园,划定中风险地区,津南区,X461(白万路)
381,2022-01-17 00:00:00,昕盛里,划定中风险地区,津南区,津沽公路辅路
382,2022-01-17 00:00:00,鑫庭花园,划定中风险地区,津南区,永红道
383,2022-01-17 00:00:00,春福里（津九轩小区）,划定中风险地区,津南区,S317(南环路)
384,2022-01-17 00:00:00,东旺家园,划定中风险地区,津南区,津沽大街
385,2022-01-17 00:00:00,鑫洋园,划定中风险地区,津南区,S105(津南环线)
386,2022-01-17 00:00:00,众惠里,划定中风险地区,津南区,南华路
387,2022-01-17 00:00:00,宝业馨苑,划定中风险地区,津南区,新兴南路
388,2022-01-17 00:00:00,博雅花园,划定中风险地区,蓟州区,武定西街
389,2022-01-17 00:00:00,合力园,划定中风险地区,津南区,海河故道北路
390,2022-01-17 00:00:00,金才园,划定中风险地区,津南区,S350(津南大道)
391,2022-01-17 00:00:00,金芳园,划定中风险地区,津南区,韩城桥路
392,2022-01-17 00:00:00,水岸华庭,划定中风险地区,津南区,同德路
393,2022-01-17 00:00:00,尚湖苑,划定中风险地区,津南区,
394,2022-01-17 00:00:00,丽湖苑,划定中风险地区,津南区,
395,2022-01-17 00:00:00,北闸口镇尚礼园,划定中风险地区,津南区,福惠道
396,2022-01-17 00:00:00,李桃园,划定中风险地区,津南区,洪沽道
397,2022-01-17 00:00:00,柳景家园,划定中风险地区,津南区,强盛路一期
398,2022-01-17 00:00:00,仁和园,划定中风险地区,津南区,X441(梨双路)
399,2022-01-17 00:00:00,仁永名居,划定中风险地区,津南区,赤龙街
400,2022-01-17 00:00:00,善和园,划定中风险地区,津南区,景荷道
401,2022-01-17 00:00:00,宇泰家园（不含C区）,划定中风险地区,西青区,
402,2022-01-17 00:00:00,盛泰园,划定中风险地区,北辰区,嘉华路
403,2022-01-21 00:00:00,盛泰园16号楼,划定封控区,北辰区,嘉华路
404,2022-01-21 00:00:00,盛泰园1号楼,划定管控区,北辰区,新景道
405,2022-01-21 00:00:00,盛泰园2号楼,划定管控区,北辰区,新景道
406,2022-01-21 00:00:00,盛泰园3号楼,划定管控区,北辰区,嘉华路
407,2022-01-21 00:00:00,盛泰园4号楼,划定管控区,北辰区,铁西路
408,2022-01-21 00:00:00,盛泰园15号楼,划定管控区,北辰区,嘉华路
409,2022-01-21 00:00:00,龙津园2号楼,划定封控区,西青区,X441(梨双路)
410,2022-01-21 00:00:00,龙津园1号楼,划定管控区,西青区,X441(梨双路)
411,2022-01-21 00:00:00,龙津园3号楼,划定管控区,西青区,X441(梨双路)
412,2022-01-21 00:00:00,龙津园4号楼,划定管控区,西青区,X441(梨双路)
413,2022-01-21 00:00:00,宇泰家园C区2号楼,划定封控区,西青区,
414,2022-01-21 00:00:00,宇泰家园C区3号楼,划定管控区,西青区,
415,2022-01-21 00:00:00,宇泰家园C区4号楼,划定管控区,西青区,
416,2022-01-22 00:00:00,鑫昱花园,划定封控区,津南区,永红道
417,2022-01-22 00:00:00,林绣花园,划定封控区,津南区,永胜道
418,2022-01-22 00:00:00,林锦花园,划定封控区,津南区,永胜道
419,2022-01-22 00:00:00,鑫庭花园,划定封控区,津南区,永红道
420,2022-01-22 00:00:00,鑫旺里,划定封控区,津南区,鑫盛路
421,2022-01-22 00:00:00,丰达园,划定封控区,津南区,南华路
422,2022-01-22 00:00:00,宝业馨苑,划定封控区,津南区,新兴南路
423,2022-01-22 00:00:00,双港镇欣桃园,划定封控区,津南区,缘海路
424,2022-01-22 00:00:00,碧水世纪园45号楼,划定封控区,津南区,中建路
425,2022-01-22 00:00:00,碧水世纪园46号楼,划定封控区,津南区,中建路
426,2022-01-22 00:00:00,碧水世纪园除45、46号楼以外,划定管控区,津南区,辛柴路桥
427,2022-01-22 00:00:00,义佳花园2号楼,划定封控区,津南区,慧通道
428,2022-01-22 00:00:00,义佳花园12号楼,划定封控区,津南区,白塘口路
429,2022-01-22 00:00:00,义佳花园除2、12号楼以外区域,划定管控区,津南区,慧通道
430,2022-01-22 00:00:00,鑫喆花园3号楼,划定封控区,津南区,永红道
431,2022-01-22 00:00:00,鑫喆花园除3号楼以外区域,划定管控区,津南区,永红道
432,2022-01-22 00:00:00,汀兰花园1号楼,划定封控区,津南区,X461(白万路)
433,2022-01-22 00:00:00,汀兰花园9号楼,划定封控区,津南区,X461(白万路)
434,2022-01-22 00:00:00,汀兰花园除1、9号楼以外区域,划定管控区,津南区,X461(白万路)
435,2022-01-22 00:00:00,昕盛里2号楼,划定封控区,津南区,津沽公路辅路
436,2022-01-22 00:00:00,昕盛里3号楼,划定封控区,津南区,津沽公路辅路
437,2022-01-22 00:00:00,昕盛里除2、3号楼以外区域,划定管控区,津南区,津沽公路辅路
438,2022-01-22 00:00:00,波士顿小区（上东苑）1号楼,划定封控区,津南区,永胜道
439,2022-01-22 00:00:00,波士顿小区（上东苑）14号楼,划定封控区,津南区,津沽公路辅路
440,2022-01-22 00:00:00,波士顿小区（上东苑）20号楼,划定封控区,津南区,永胜道
441,2022-01-22 00:00:00,波士顿上东苑除1、14、20号楼以外区域,划定管控区,津南区,鑫怡路
442,2022-01-22 00:00:00,汀芳花园2号楼,划定封控区,津南区,文苑路
443,2022-01-22 00:00:00,汀芳花园除2号楼以外区域,划定管控区,津南区,文苑路
444,2022-01-22 00:00:00,首创星景苑1号楼,划定封控区,津南区,吉泰道
445,2022-01-22 00:00:00,首创星景苑11号楼,划定封控区,津南区,吉泰道
446,2022-01-22 00:00:00,首创星景苑除1、11号楼以外区域,划定管控区,津南区,吉泰道
447,2022-01-22 00:00:00,上悦花园2号楼,划定封控区,津南区,康和路
448,2022-01-22 00:00:00,上悦花园7号楼,划定封控区,津南区,康和路
449,2022-01-22 00:00:00,上悦花园10号楼,划定封控区,津南区,康和路
450,2022-01-22 00:00:00,上悦花园15号楼,划定封控区,津南区,康和路
451,2022-01-22 00:00:00,上悦花园除2、7、10、15号楼以外区域,划定管控区,津南区,康和路
452,2022-01-22 00:00:00,鑫洋园10号楼,划定封控区,津南区,S105(津南环线)
453,2022-01-22 00:00:00,鑫洋园21号楼,划定封控区,津南区,S105(津南环线)
454,2022-01-22 00:00:00,鑫洋园24号楼,划定封控区,津南区,S105(津南环线)
455,2022-01-22 00:00:00,鑫洋园45号楼,划定封控区,津南区,南汝昌路
456,2022-01-22 00:00:00,鑫洋园除10、21、24、45号楼以外区域,划定管控区,津南区,S105(津南环线)
457,2022-01-22 00:00:00,众惠里5号楼,划定封控区,津南区,南华路
458,2022-01-22 00:00:00,众惠里除5号楼以外区域,划定管控区,津南区,南华路
459,2022-01-22 00:00:00,津九轩（春福里）8号楼,划定封控区,津南区,S317(南环路)
460,2022-01-22 00:00:00,津九轩5号楼,划定管控区,津南区,S317(二八线)
461,2022-01-22 00:00:00,津九轩6号楼,划定管控区,津南区,S317(南环路)
462,2022-01-22 00:00:00,津九轩7号楼,划定管控区,津南区,S317(二八公路)
463,2022-01-22 00:00:00,津九轩9号楼,划定管控区,津南区,红旗路
464,2022-01-22 00:00:00,津九轩10号楼及底商,划定管控区,津南区,S317(南环路)
465,2022-01-22 00:00:00,同泽园12号楼,划定封控区,武清区,建设路
466,2022-01-22 00:00:00,金泽源温泉大浴场,划定封控区,津南区,红旗路
467,2022-01-22 00:00:00,同泽园5号楼,划定管控区,津南区,S106辅路
468,2022-01-22 00:00:00,同泽园6号楼,划定管控区,津南区,S106辅路
469,2022-01-22 00:00:00,同泽园7号楼,划定管控区,津南区,S106辅路
470,2022-01-22 00:00:00,同泽园8号楼,划定管控区,武清区,同泽道
471,2022-01-22 00:00:00,同泽园9号楼,划定管控区,津南区,津沽大街
472,2022-01-22 00:00:00,同泽园10号楼,划定管控区,武清区,建设路
473,2022-01-22 00:00:00,同泽园11号楼,划定管控区,武清区,建设路
474,2022-01-22 00:00:00,同泽园13号楼,划定管控区,武清区,建设路
475,2022-01-22 00:00:00,同泽园14号楼,划定管控区,武清区,同泽道
476,2022-01-22 00:00:00,同泽园15号楼,划定管控区,武清区,同泽道
477,2022-01-22 00:00:00,同泽园16号楼,划定管控区,武清区,同泽道
478,2022-01-22 00:00:00,同泽园17号楼,划定管控区,武清区,同泽道
479,2022-01-22 00:00:00,同泽园18号楼,划定管控区,武清区,同泽道
480,2022-01-22 00:00:00,东旺家园3号楼,划定封控区,津南区,津沽大街
481,2022-01-22 00:00:00,东旺家园9号楼,划定封控区,津南区,津沽大街
482,2022-01-22 00:00:00,东旺家园除3、9号楼以外区域,划定管控区,津南区,津沽大街
483,2022-01-22 00:00:00,诚信里13号楼,划定封控区,津南区,S350(津南大道)
484,2022-01-22 00:00:00,诚信里7号楼,划定管控区,津南区,S350(津南大道)
485,2022-01-22 00:00:00,诚信里8号楼,划定管控区,津南区,S350(津南大道)
486,2022-01-22 00:00:00,诚信里9号楼,划定管控区,津南区,S350(津南大道)
487,2022-01-22 00:00:00,诚信里10号楼,划定管控区,津南区,S350(津南大道)
488,2022-01-22 00:00:00,诚信里11号楼,划定管控区,津南区,S350(津南大道)
489,2022-01-22 00:00:00,诚信里12号楼,划定管控区,津南区,S350(津南大道)
490,2022-01-22 00:00:00,诚信里14号楼,划定管控区,津南区,S350(津南大道)
491,2022-01-22 00:00:00,诚信里15号楼,划定管控区,津南区,S350(津南大道)
492,2022-01-22 00:00:00,诚信里16号楼,划定管控区,津南区,雅润路
493,2022-01-22 00:00:00,诚信里17号楼,划定管控区,津南区,雅润路
494,2022-01-22 00:00:00,诚信里18号楼,划定管控区,津南区,雅润路
495,2022-01-22 00:00:00,众祥园1号楼,划定封控区,津南区,新兴南路
496,2022-01-22 00:00:00,众祥园除1号楼以外区域,划定管控区,津南区,众合北路
497,2022-01-22 00:00:00,惠裕里5号楼,划定封控区,津南区,红旗路
498,2022-01-22 00:00:00,惠裕里除5号楼以外区域,划定管控区,津南区,红旗路
499,2022-01-22 00:00:00,博雅花园3号楼,划定封控区,蓟州区,武定西街
500,2022-01-22 00:00:00,博雅花园除3号楼以外区域,划定管控区,蓟州区,武定西街
501,2022-01-22 00:00:00,金才园5号楼,划定封控区,津南区,S350(津南大道)
502,2022-01-22 00:00:00,金才园20号楼,划定封控区,津南区,雅润路
503,2022-01-22 00:00:00,金才园除5、20号楼以外区域,划定管控区,津南区,S350(津南大道)
504,2022-01-22 00:00:00,金芳园16号楼,划定封控区,津南区,韩城桥路
505,2022-01-22 00:00:00,金芳园除16号楼以外区域,划定管控区,津南区,韩城桥路
506,2022-01-22 00:00:00,水岸华庭16号楼,划定封控区,津南区,同德路
507,2022-01-22 00:00:00,水岸华庭除16号楼以外区域,划定管控区,津南区,同德路
508,2022-01-22 00:00:00,合力园8号楼,划定封控区,津南区,海河故道北路
509,2022-01-22 00:00:00,合力园除8号楼以外区域,划定管控区,津南区,海河故道北路
510,2022-01-22 00:00:00,龙湖紫宸7号楼,划定封控区,津南区,S317(二八公路)
511,2022-01-22 00:00:00,龙湖紫宸37号楼,划定封控区,津南区,S317(二八公路)
512,2022-01-22 00:00:00,龙湖紫宸38号楼,划定封控区,津南区,S317(二八公路)
513,2022-01-22 00:00:00,龙湖紫宸除7、37、38号楼以外区域,划定管控区,津南区,S317(二八公路)
514,2022-01-22 00:00:00,兆和园,划定管控区,津南区,南华路
515,2022-01-22 00:00:00,李桃园2号楼,划定封控区,津南区,缘海路
516,2022-01-22 00:00:00,李桃园7号楼,划定封控区,津南区,缘海路
517,2022-01-22 00:00:00,李桃园22号楼,划定封控区,津南区,洪沽道
518,2022-01-22 00:00:00,李桃园除2、7、22号楼以外区域,划定管控区,津南区,洪沽道
519,2022-01-22 00:00:00,仁永名居6号楼,划定封控区,津南区,赤龙街
520,2022-01-22 00:00:00,仁永名居除6号楼以外区域,划定管控区,津南区,赤龙街
521,2022-01-22 00:00:00,柳景家园2号楼,划定封控区,津南区,强盛路一期
522,2022-01-22 00:00:00,柳景家园8号楼,划定封控区,津南区,大沽南路辅路
523,2022-01-22 00:00:00,柳景家园17号楼,划定封控区,津南区,吉盛路
524,2022-01-22 00:00:00,柳景家园23号楼,划定封控区,津南区,吉盛路天桥
525,2022-01-22 00:00:00,柳景家园除2、8、17、23号楼以外区域,划定管控区,津南区,强盛路一期
526,2022-01-22 00:00:00,善和园14号楼,划定封控区,津南区,汇川路
527,2022-01-22 00:00:00,善和园15号楼,划定封控区,津南区,汇川路
528,2022-01-22 00:00:00,善和园除14、15号楼以外区域,划定管控区,津南区,景荷道
529,2022-01-22 00:00:00,环美公寓8号楼,划定封控区,津南区,南兴道
530,2022-01-22 00:00:00,环美公寓除8号楼以外区域,划定管控区,津南区,南兴道
531,2022-01-22 00:00:00,仁和园7号楼,划定封控区,津南区,汇川路
532,2022-01-22 00:00:00,仁和园8号楼,划定封控区,津南区,X441(梨双路)
533,2022-01-22 00:00:00,仁和园除7、8号楼以外区域,划定管控区,津南区,X441(梨双路)
534,2022-01-22 00:00:00,鑫港园（西区）15号楼,划定封控区,津南区,五大街
535,2022-01-22 00:00:00,鑫港园（西区）除15号楼以外区域,划定管控区,津南区,五大街
536,2022-01-22 00:00:00,尚礼园31号楼,划定封控区,津南区,福惠道
537,2022-01-22 00:00:00,尚礼园26号楼,划定管控区,津南区,福惠道
538,2022-01-22 00:00:00,尚礼园27号楼,划定管控区,津南区,福惠道
539,2022-01-22 00:00:00,尚礼园28号楼,划定管控区,津南区,福惠道
540,2022-01-22 00:00:00,尚礼园29号楼,划定管控区,津南区,福惠道
541,2022-01-22 00:00:00,尚礼园30号楼,划定管控区,津南区,福惠道
542,2022-01-22 00:00:00,尚湖苑23号楼,划定封控区,津南区,
543,2022-01-22 00:00:00,尚湖苑除23号楼以外区域,划定管控区,津南区,
544,2022-01-22 00:00:00,丽湖苑92号楼,划定封控区,津南区,
545,2022-01-22 00:00:00,丽湖苑85号楼,划定管控区,津南区,
546,2022-01-22 00:00:00,丽湖苑86号楼,划定管控区,津南区,
547,2022-01-22 00:00:00,丽湖苑87号楼,划定管控区,津南区,
548,2022-01-22 00:00:00,丽湖苑88号楼,划定管控区,津南区,
549,2022-01-22 00:00:00,丽湖苑89号楼,划定管控区,津南区,
550,2022-01-22 00:00:00,丽湖苑90号楼,划定管控区,津南区,
551,2022-01-22 00:00:00,丽湖苑91号楼,划定管控区,津南区,
552,2022-01-22 00:00:00,丽湖苑93号楼,划定管控区,津南区,
553,2022-01-22 00:00:00,丽湖苑94号楼,划定管控区,津南区,
554,2022-01-22 00:00:00,丽湖苑95号楼,划定管控区,津南区,
555,2022-01-22 00:00:00,丽湖苑96号楼,划定管控区,津南区,
556,2022-01-22 00:00:00,丽湖苑97号楼,划定管控区,津南区,
557,2022-01-22 00:00:00,丽湖苑98号楼,划定管控区,津南区,
558,2022-01-22 00:00:00,丽湖苑99号楼,划定管控区,津南区,
559,2022-01-22 00:00:00,丽湖苑100号楼,划定管控区,津南区,
560,2022-01-22 00:00:00,丽湖苑101号楼,划定管控区,津南区,
561,2022-01-22 00:00:00,双兴东里19号楼,划定封控区,津南区,双利中路
562,2022-01-22 00:00:00,双兴东里除19号楼以外区域,划定管控区,津南区,双利南路
563,2022-01-22 00:00:00,竹华里,解除封控区管控,南开区,华苑西路
564,2022-01-22 00:00:00,公交96,恢复运营,河西区,宾水道
565,2022-01-22 00:00:00,公交838,恢复运营,河西区,宾水道
566,2022-01-22 00:00:00,公交636,恢复运营,河西区,宾水道
567,2022-01-22 00:00:00,公交826,恢复运营,河西区,宾水道
568,2022-01-22 00:00:00,公交684,恢复运营,河西区,宾水道
569,2022-01-22 00:00:00,公交628,恢复运营,河西区,宾水道
570,2022-01-22 00:00:00,公交818,恢复部分运营,河西区,宾水道
571,2022-01-22 00:00:00,公交690西,恢复部分运营,河西区,宾水道
572,2022-01-22 00:00:00,公交660,恢复部分运营,河西区,宾水道
573,2022-01-22 00:00:00,公交751,恢复部分运营,河西区,宾水道
574,2022-01-23 00:00:00,王稳庄镇盛泰园,解除封控区管控,西青区,稳康路
575,2022-01-23 00:00:00,大寺镇龙津园,解除封控区管控,西青区,X441(梨双路)
576,2022-01-23 00:00:00,王稳庄镇,解除封控区管控,西青区,G205(山深线)
577,2022-01-22 00:00:00,首创悦山郡沁景苑7号楼,划定封控区,津南区,永胜道
578,2022-01-22 00:00:00,首创悦山郡沁景苑除7号楼以外区域,划定管控区,津南区,永胜道
579,2022-01-24 00:00:00,滨海新区海望园小区,解除封控区管控,滨海新区,翔实路
580,2022-01-24 00:00:00,大寺镇宇泰家园,解除封控区管控,西青区,
581,2022-01-24 00:00:00,大寺镇,解除封控区管控,西青区,静水道
582,2022-01-24 00:00:00,友谊路街恒盛大厦,解除封控区管控,河西区,柳江路
583,2022-01-25 00:00:00,友谊路街,解除封控区管控,河西区,宾水道
584,2022-01-25 00:00:00,尖山街瑞江花园24号楼,解除封控区管控,河西区,大任庄北路
585,2022-01-25 00:00:00,尖山街,解除封控区管控,河西区,泰山路红星里
586,2022-01-25 00:00:00,盘山景区,开放,盘山县,盘山街
587,2022-01-25 00:00:00,大寺镇宇泰家园C区,划定低风险地区,西青区,
588,2022-01-25 00:00:00,同泽园,划定低风险地区,津南区,津沽大街
589,2022-01-25 00:00:00,大寺镇宇泰家园（不含C区）,划定低风险地区,西青区,
590,2022-01-25 00:00:00,王稳庄镇盛泰园,划定低风险地区,西青区,稳康路
591,2022-01-25 00:00:00,碧水世纪园,划定低风险地区,津南区,辛柴路桥
592,2022-01-25 00:00:00,春福里（津九轩小区）,划定低风险地区,津南区,S317(南环路)
593,2022-01-25 00:00:00,众惠里,划定低风险地区,津南区,南华路
594,2022-01-25 00:00:00,水岸华庭,划定低风险地区,津南区,同德路
595,2022-01-25 00:00:00,鑫洋园,划定低风险地区,津南区,S105(津南环线)
596,2022-01-25 00:00:00,八里台镇尚湖苑,划定低风险地区,津南区,
597,2022-01-25 00:00:00,丽湖苑,划定低风险地区,津南区,
598,2022-01-25 00:00:00,尚礼园,划定低风险地区,津南区,福惠道
599,2022-01-26 00:00:00,尚礼园31号楼,解除封控区管控,津南区,福惠道
600,2022-01-26 00:00:00,碧水世纪园45号楼,解除封控区管控,津南区,中建路
601,2022-01-26 00:00:00,碧水世纪园46号楼,解除封控区管控,津南区,中建路
602,2022-01-26 00:00:00,波士顿上东苑14号楼,解除封控区管控,津南区,津沽公路辅路
603,2022-01-26 00:00:00,波士顿上东苑20号楼,解除封控区管控,津南区,永胜道
604,2022-01-26 00:00:00,昕盛里3号楼,解除封控区管控,津南区,津沽公路辅路
605,2022-01-26 00:00:00,鑫喆花园3号楼,解除封控区管控,津南区,永红道
606,2022-01-26 00:00:00,众惠里5号楼,解除封控区管控,津南区,南华路
607,2022-01-26 00:00:00,津九轩（春福里）8号楼,解除封控区管控,津南区,S317(南环路)
608,2022-01-26 00:00:00,同泽园12号楼,解除封控区管控,武清区,建设路
609,2022-01-26 00:00:00,金泽源温泉大浴场,解除封控区管控,津南区,红旗路
610,2022-01-26 00:00:00,东旺家园3号楼,解除封控区管控,津南区,津沽大街
611,2022-01-26 00:00:00,众祥园1号楼,解除封控区管控,津南区,新兴南路
612,2022-01-26 00:00:00,金才园20号楼,解除封控区管控,津南区,雅润路
613,2022-01-26 00:00:00,惠裕里5号楼,解除封控区管控,津南区,红旗路
614,2022-01-26 00:00:00,水岸华庭16号楼,解除封控区管控,津南区,同德路
615,2022-01-26 00:00:00,龙湖紫宸37号楼,解除封控区管控,津南区,S317(二八公路)
616,2022-01-26 00:00:00,龙湖紫宸38号楼,解除封控区管控,津南区,S317(二八公路)
617,2022-01-26 00:00:00,鑫洋园10号楼,解除封控区管控,津南区,S105(津南环线)
618,2022-01-26 00:00:00,鑫洋园21号楼,解除封控区管控,津南区,S105(津南环线)
619,2022-01-26 00:00:00,鑫洋园24号楼,解除封控区管控,津南区,S105(津南环线)
620,2022-01-26 00:00:00,鑫洋园45号楼,解除封控区管控,津南区,南汝昌路
621,2022-01-26 00:00:00,尚湖苑23号楼,解除封控区管控,津南区,
622,2022-01-26 00:00:00,丽湖苑92号楼,解除封控区管控,津南区,
623,2022-01-26 00:00:00,李桃园2号楼,解除封控区管控,津南区,缘海路
624,2022-01-26 00:00:00,李桃园7号楼,解除封控区管控,津南区,缘海路
625,2022-01-26 00:00:00,碧水世纪园,解除管控区管控,津南区,辛柴路桥
626,2022-01-26 00:00:00,鑫喆花园,解除管控区管控,津南区,永红道
627,2022-01-26 00:00:00,众惠里小区,解除管控区管控,津南区,南华路
628,2022-01-26 00:00:00,津九轩（春福里）小区,解除管控区管控,津南区,S317(南环路)
629,2022-01-26 00:00:00,同泽园小区,解除管控区管控,津南区,津沽大街
630,2022-01-26 00:00:00,众祥园小区,解除管控区管控,津南区,众合北路
631,2022-01-26 00:00:00,惠裕里小区,解除管控区管控,津南区,红旗路
632,2022-01-26 00:00:00,水岸华庭小区,解除管控区管控,津南区,同德路
633,2022-01-26 00:00:00,鑫洋园小区,解除管控区管控,津南区,S105(津南环线)
634,2022-01-26 00:00:00,兆和园小区,解除管控区管控,津南区,南华路
635,2022-01-26 00:00:00,尚礼园小区,解除管控区管控,津南区,福惠道
636,2022-01-26 00:00:00,尚湖苑小区,解除管控区管控,津南区,
637,2022-01-26 00:00:00,丽湖苑,解除管控区管控,津南区,
638,2022-01-26 00:00:00,葛沽镇,解除防范区管控,津南区,福滨二支路
639,2022-01-26 00:00:00,小站镇,解除防范区管控,津南区,前营路
640,2022-01-26 00:00:00,双林街道,解除防范区管控,河西区,宾水道
641,2022-01-26 00:00:00,双新街道,解除防范区管控,河西区,宾水道
642,2022-01-26 00:00:00,海棠街道,解除防范区管控,河西区,宾水道
643,2022-01-26 00:00:00,北闸口镇,解除防范区管控,津南区,北营路
644,2022-01-26 00:00:00,双桥河镇,解除防范区管控,津南区,欣华路
645,2022-01-26 00:00:00,八里台镇除双兴东里防范区以外区域,解除防范区管控,津南区,双利南路
646,2022-01-26 00:00:00,双港镇,划定防范区,津南区,久隆街
647,2022-01-26 00:00:00,咸水沽镇,划定防范区,津南区,丰收路
648,2022-01-26 00:00:00,辛庄镇部分区域,划定防范区,津南区,津沽公路辅路
649,2022-01-26 00:00:00,鑫昱花园,划定封控区,津南区,永红道
650,2022-01-26 00:00:00,林绣花园,划定封控区,津南区,永胜道
651,2022-01-26 00:00:00,林锦花园,划定封控区,津南区,永胜道
652,2022-01-26 00:00:00,鑫庭花园,划定封控区,津南区,永红道
653,2022-01-26 00:00:00,鑫旺里,划定封控区,津南区,鑫盛路
654,2022-01-26 00:00:00,丰达园,划定封控区,津南区,南华路
655,2022-01-26 00:00:00,宝业馨苑,划定封控区,津南区,新兴南路
656,2022-01-26 00:00:00,欣桃园小区,划定封控区,津南区,缘海路
657,2022-01-26 00:00:00,徽山路以西、南兴道以北、新华圣功学校以东、淇水道以南区域,划定防范区,河西区,南兴道
658,2022-01-26 00:00:00,大沽南路辅路以北，吉盛路以东、外环南路以西、富力爱丁堡以南区域,划定防范区,津南区,强盛路一期
659,2022-01-26 00:00:00,津南区以外环南路（不含）、微山南路（含道路，富力桃园小区和国际学校）、景蓉道（含）、新家园路（含）、雅正路（含津沽公路以北段）、南慧路（含）、雅泽路（不含）、津沽公路（含）、雅润路（含）、津南大道（含道路及诚信里小区）、二八公路（含）、聚祥道（含）、津歧公路（含）、津晋高速（不含）、东小路（含）、津沽线（含）、咸排河、天津大道（不含道路、含新桃园、李桃园小区）围合区域,划定防范区,,
660,2022-01-26 00:00:00,盘山景区,开放,盘山县,盘山街
661,2022-01-26 00:00:00,黄崖关景区,开放,蓟州区,长城路
662,2022-01-26 00:00:00,五大道景区,开放,和平区,大理道
663,2022-01-26 00:00:00,意大利风情区,开放,河北区,民族道
664,2022-01-26 00:00:00,天津之眼,开放,河北区,慈航路
665,2022-01-26 00:00:00,泰达航母公园,开放,滨海新区,S11(海滨大道)
666,2022-01-26 00:00:00,国家海洋博物馆,开放,滨海新区,荣盛路
667,2022-01-26 00:00:00,大沽口炮台,开放,滨海新区,炮台路
668,2022-01-26 00:00:00,方特欢乐世界,开放,滨海新区,中生大道
669,2022-01-26 00:00:00,极地海洋世界,开放,滨海新区,滨河南路
670,2022-01-26 00:00:00,昕盛里,划定低风险地区,津南区,津沽公路辅路
671,2022-01-26 00:00:00,鑫庭花园,划定低风险地区,津南区,永红道
672,2022-01-26 00:00:00,合力园,划定低风险地区,津南区,海河故道北路
673,2022-01-26 00:00:00,李桃园,划定低风险地区,津南区,洪沽道
674,2022-01-29 00:00:00,天津动物园,开放,南开区,水上公园西路
675,2022-01-26 00:00:00,公交304,恢复运营,河西区,宾水道
676,2022-01-26 00:00:00,公交705,恢复运营,河西区,宾水道
677,2022-01-26 00:00:00,公交682,恢复运营,河西区,宾水道
678,2022-01-26 00:00:00,公交703,恢复运营,河西区,宾水道
679,2022-01-26 00:00:00,公交612,恢复运营,河西区,宾水道
680,2022-01-26 00:00:00,公交613,恢复运营,河西区,宾水道
681,2022-01-26 00:00:00,公交615,恢复运营,河西区,宾水道
682,2022-01-26 00:00:00,公交612快线,恢复运营,河西区,宾水道
683,2022-01-26 00:00:00,公交615快线,恢复运营,河西区,宾水道
684,2022-01-26 00:00:00,邵公庄街道,解除封控区管控,红桥区,闸桥北路
685,2022-01-26 00:00:00,益鑫里3号楼,解除封控区管控,红桥区,红旗北路
686,2022-01-26 00:00:00,益鑫里小区（除3号楼）,解除封控区管控,红桥区,红旗北路
687,2022-01-26 00:00:00,仁爱花园小区,解除封控区管控,红桥区,西青道辅路
688,2022-01-26 00:00:00,益鑫里小区,解除防范区管控,红桥区,红旗北路
689,2022-01-26 00:00:00,泊胜达综合农贸市场,解除防范区管控,津南区,红旗路
690,2022-01-26 00:00:00,西青道3号楼及周边底商,解除防范区管控,红桥区,煤建东大道
691,2022-01-26 00:00:00,西青道4号楼及周边底商,解除防范区管控,红桥区,红旗北路
692,2022-01-26 00:00:00,西青道5号楼及周边底商,解除防范区管控,红桥区,西青道
693,2022-01-27 00:00:00,万福园7号楼,划定封控区,河北区,昆纬路
694,2022-01-27 00:00:00,万福园8号楼,划定封控区,河北区,昆纬路
695,2022-01-27 00:00:00,莹津里12号楼43门,划定封控区,河北区,二号路
696,2022-01-27 00:00:00,润园里6号楼21门,划定封控区,河北区,养鱼池路
697,2022-01-27 00:00:00,以昆纬路、东五经路、东六经路、新大路围合区域（封控区除外）,划定管控区,河北区,东六经路
698,2022-01-27 00:00:00,以昆纬路、东四经路、东六经路、京津城际铁路围合区域（封控区、管控区除外）,划定防范区,河北区,东六经路
699,2022-01-27 00:00:00,以海河东路、中山路、金海道、金纬路围合区域,划定防范区,河东区,金纬立交桥
700,2022-01-27 00:00:00,以金纬路、金海道、金钟路围合区域,划定防范区,东丽区,S329(金钟线)
701,2022-01-27 00:00:00,以新大路（中山路为起点）-东三经路-京津城际铁路-东六经路-金钟路-金海道-海河东路-中山路(新大路为终点)围合区域（封控区、管控区除外）,划定防范区,,
702,2022-01-27 00:00:00,地铁3号线中山路站,关闭,河北区,东三经路
703,2022-01-28 00:00:00,丰达园,解除封控区管控,津南区,南华路
704,2022-01-28 00:00:00,昕盛里2号楼,解除封控区管控,津南区,津沽公路辅路
705,2022-01-28 00:00:00,汀兰花园9号楼,解除封控区管控,津南区,X461(白万路)
706,2022-01-28 00:00:00,龙湖紫宸7号楼,解除封控区管控,津南区,S317(二八公路)
707,2022-01-28 00:00:00,李桃园22号楼,解除封控区管控,津南区,洪沽道
708,2022-01-28 00:00:00,柳景家园2号楼,解除封控区管控,津南区,强盛路一期
709,2022-01-28 00:00:00,柳景家园8号楼,解除封控区管控,津南区,大沽南路辅路
710,2022-01-28 00:00:00,柳景家园17号楼,解除封控区管控,津南区,吉盛路
711,2022-01-28 00:00:00,柳景家园23号楼,解除封控区管控,津南区,吉盛路天桥
712,2022-01-28 00:00:00,善和园14号楼,解除封控区管控,津南区,汇川路
713,2022-01-28 00:00:00,环美公寓8号楼,解除封控区管控,津南区,南兴道
714,2022-01-28 00:00:00,仁和园7号楼,解除封控区管控,津南区,汇川路
715,2022-01-28 00:00:00,仁和园8号楼,解除封控区管控,津南区,X441(梨双路)
716,2022-01-28 00:00:00,鑫港园（西区）15号楼,解除封控区管控,津南区,五大街
717,2022-01-28 00:00:00,昕盛里,解除管控区管控,津南区,津沽公路辅路
718,2022-01-28 00:00:00,咸水沽镇龙湖紫宸,解除管控区管控,津南区,S317(二八公路)
719,2022-01-28 00:00:00,双港镇李桃园,解除管控区管控,津南区,洪沽道
720,2022-01-28 00:00:00,柳景家园,解除管控区管控,津南区,强盛路一期
721,2022-01-28 00:00:00,环美公寓,解除管控区管控,津南区,南兴道
722,2022-01-28 00:00:00,仁和园,解除管控区管控,津南区,X441(梨双路)
723,2022-01-28 00:00:00,鑫港园（西区）,解除管控区管控,津南区,五大街
724,2022-01-28 00:00:00,微山路以西、南兴道以北、新华圣功学校以东、淇水道以南区域,解除防范区管控,河西区,南兴道
725,2022-01-28 00:00:00,大沽南路辅路以北，吉盛路以东、外环南路以西、富力爱丁堡以南区域,解除防范区管控,津南区,强盛路一期
726,2022-01-28 00:00:00,昕盛里,划定防范区,津南区,津沽公路辅路
727,2022-01-28 00:00:00,丰达园,划定防范区,津南区,南华路
728,2022-01-28 00:00:00,龙湖紫宸,划定防范区,津南区,S317(二八公路)
729,2022-01-28 00:00:00,李桃园,划定防范区,津南区,洪沽道
730,2022-01-28 00:00:00,仁和园,划定防范区,津南区,X441(梨双路)
731,2022-01-28 00:00:00,鑫港园（西区）,划定防范区,津南区,五大街
732,2022-01-28 00:00:00,汀兰花园9号楼,划定管控区,津南区,X461(白万路)
733,2022-01-28 00:00:00,善和园14号楼,划定管控区,津南区,汇川路
734,2022-01-29 00:00:00,宝业馨苑,解除封控区管控,津南区,新兴南路
735,2022-01-29 00:00:00,汀兰花园1号楼,解除封控区管控,津南区,X461(白万路)
736,2022-01-29 00:00:00,汀芳花园2号楼,解除封控区管控,津南区,文苑路
737,2022-01-29 00:00:00,首创星景苑11号楼,解除封控区管控,津南区,吉泰道
738,2022-01-29 00:00:00,上悦花园15号楼,解除封控区管控,津南区,康和路
739,2022-01-29 00:00:00,东旺家园9号楼,解除封控区管控,津南区,津沽大街
740,2022-01-29 00:00:00,金才园5号楼,解除封控区管控,津南区,S350(津南大道)
741,2022-01-29 00:00:00,善和园15号楼,解除封控区管控,津南区,汇川路
742,2022-01-29 00:00:00,汀兰花园,解除管控区管控,津南区,X461(白万路)
743,2022-01-29 00:00:00,汀芳花园,解除管控区管控,津南区,文苑路
744,2022-01-29 00:00:00,首创星景苑,解除管控区管控,津南区,吉泰道
745,2022-01-29 00:00:00,东旺家园,解除管控区管控,津南区,津沽大街
746,2022-01-29 00:00:00,金才园,解除管控区管控,津南区,S350(津南大道)
747,2022-01-29 00:00:00,善和园,解除管控区管控,津南区,景荷道
748,2022-01-29 00:00:00,欣桃园2号楼,划定封控区,津南区,缘海路
749,2022-01-29 00:00:00,欣桃园3号楼,划定封控区,津南区,缘海路
750,2022-01-29 00:00:00,欣桃园5号楼,划定封控区,津南区,缘海路
751,2022-01-29 00:00:00,欣桃园12号楼,划定封控区,津南区,缘海路
752,2022-01-29 00:00:00,欣桃园14号楼,划定封控区,津南区,洪沽道
753,2022-01-29 00:00:00,欣桃园小区,解除封控区管控,津南区,缘海路
754,2022-01-29 00:00:00,津南区以天津市海河医院东侧外沿、津沽公路（含）、梨双公路（含）、慧通道（含）、上悦花园北侧外沿延伸至慧通道、上悦花园西侧外沿、双白排河、双巨排水河、秃尾巴河、鄱阳南路（不含）、雅正路（含津沽公路以北段）、南慧路（含）、雅泽路（不含）、津沽公路（含）、雅润路（含）、津南大道（含道路及诚信里小区）、二八公路（含）、聚祥道（含）、津歧公路（含）、津晋高速（不含）、东小路（含）、津沽线（含）、咸排河、天津大道（不含）围合区域（除封控区、管控区外）,划定防范区,,
755,2022-01-29 00:00:00,欣桃园周边,划定防范区,津南区,缘海路
756,2022-01-29 00:00:00,地铁6号线民权门站,关闭,东丽区,
757,2022-01-29 00:00:00,建昌道街红波西里21号楼,划定封控区,河北区,红星路
758,2022-01-29 00:00:00,以建昌道（育红路为起点）-小红星路-泰兴路-金钟河大街-育红路(建昌道为终点)围合区域（封控区除外）,划定防范区,河北区,金钟河大街
759,2022-01-30 00:00:00,地铁1号线李楼站,恢复运营,河西区,大沽南路
760,2022-01-30 00:00:00,6号线二期双港站,恢复运营,津南区,五大街
761,2022-01-30 00:00:00,6号线二期景荷道站A1、A2 出入口,开放,津南区,景荷道
762,2022-01-30 00:00:00,鑫昱花园,解除封控区管控,津南区,永红道
763,2022-01-30 00:00:00,义佳花园2号楼,解除封控区管控,津南区,慧通道
764,2022-01-30 00:00:00,义佳花园12号楼,解除封控区管控,津南区,白塘口路
765,2022-01-30 00:00:00,波士顿（上东苑）1号楼,解除封控区管控,津南区,永胜道
766,2022-01-30 00:00:00,上悦花园2号楼,解除封控区管控,津南区,康和路
767,2022-01-30 00:00:00,上悦花园7号楼,解除封控区管控,津南区,康和路
768,2022-01-30 00:00:00,上悦花园10号楼,解除封控区管控,津南区,康和路
769,2022-01-30 00:00:00,博雅花园3号楼,解除封控区管控,蓟州区,武定西街
770,2022-01-30 00:00:00,金芳园16号楼,解除封控区管控,津南区,韩城桥路
771,2022-01-30 00:00:00,双兴东里19号楼,解除封控区管控,津南区,双利中路
772,2022-01-30 00:00:00,义佳花园,解除管控区管控,津南区,慧通道
773,2022-01-30 00:00:00,波士顿（上东苑）,解除管控区管控,津南区,鑫怡路
774,2022-01-30 00:00:00,上悦花园,解除管控区管控,津南区,康和路
775,2022-01-30 00:00:00,博雅花园,解除管控区管控,蓟州区,武定西街
776,2022-01-30 00:00:00,金芳园,解除管控区管控,津南区,韩城桥路
777,2022-01-30 00:00:00,双兴东里,解除管控区管控,津南区,双利南路
778,2022-01-30 00:00:00,双兴东里社区及周边,解除防范区管控,河东区,广宁路
779,2022-01-30 00:00:00,鑫旺里（南区）32号楼,划定封控区,津南区,平凡道
780,2022-01-30 00:00:00,鑫旺里（南区）46号楼,划定封控区,津南区,鑫盛路
781,2022-01-30 00:00:00,鑫旺里（南区）56号楼,划定封控区,津南区,鑫盛路
782,2022-01-30 00:00:00,鑫旺里（南区）59号楼,划定封控区,津南区,平凡道
783,2022-01-30 00:00:00,鑫旺里（南区）65号楼,划定封控区,津南区,平凡道
784,2022-01-30 00:00:00,鑫旺里（南区）除封控楼以外其他区域,划定管控区,津南区,平凡道
785,2022-01-30 00:00:00,鑫昱花园,划定防范区,津南区,永红道
786,2022-01-30 00:00:00,义佳花园,划定防范区,津南区,慧通道
787,2022-01-30 00:00:00,波士顿（上东苑）,划定防范区,津南区,鑫怡路
788,2022-01-30 00:00:00,上悦花园,划定防范区,津南区,康和路
789,2022-01-30 00:00:00,博雅花园,划定防范区,蓟州区,武定西街
790,2022-01-30 00:00:00,金芳园,划定防范区,津南区,韩城桥路
791,2022-01-30 00:00:00,宁园街舒园里5号楼,划定封控区,河北区,水产前街
792,2022-01-30 00:00:00,王串场街汇仁云居7号楼,划定封控区,河东区,新阔路辅路
793,2022-01-30 00:00:00,宁园街舒园里（封控区除外）,划定管控区,河北区,水产前街
794,2022-01-30 00:00:00,王串场街汇仁云居（封控区除外）,划定管控区,河东区,金钟河东街
795,2022-01-30 00:00:00,以真理道（东纵快速路为起点）-王串场五号路-正义道-金钟河东街-幸福道-东纵快速路（真理道为终点）围合区域（封控区、管控区除外）,划定防范区,,
796,2022-01-30 00:00:00,以养鱼池路（中山北路为起点）-金钟河大街-育红路辅路-中山北路（养鱼池路为终点）围合区域（封控区、管控区除外）,划定防范区,河北区,民权南里
797,2022-01-30 00:00:00,华新街顶秀欣园小区13号楼2门,解除封控区管控,河北区,华新大街
798,2022-01-30 00:00:00,华新街顶秀欣园小区（除13号楼2门外）,解除管控区管控,河北区,华新大街
799,2022-01-30 00:00:00,华新街道（除顶秀欣园小区外）全域,解除防范区管控,东丽区,X437(赤海路)
800,2022-01-30 00:00:00,华明街道东至荣达路、南至弘贯东道、西至康惠路、北至弘程东道范围,解除防范区管控,东丽区,弘顺道
801,2022-01-30 00:00:00,金桥街道枫舒园,解除防范区管控,东丽区,茗华道
802,2022-01-30 00:00:00,金桥街道枫愉园小区4号楼,划定管控区,东丽区,茗华道辅路
803,2022-01-30 00:00:00,金桥街道枫愉园小区（4号楼除外）,划定防范区,东丽区,茗华道辅路
804,2022-01-30 00:00:00,建昌道街红波西里21号楼,划定中风险地区,河北区,红星路
805,2022-01-30 00:00:00,宁园街舒园里5号楼,划定中风险地区,河北区,水产前街
806,2022-01-30 00:00:00,王串场街汇仁云居7号楼,划定中风险地区,河东区,新阔路辅路
807,2022-01-30 00:00:00,大沽口炮台遗址博馆,关闭,滨海新区,炮台路
808,2022-01-30 00:00:00,滨海新区图书馆,关闭,滨海新区,海兴一支路
809,2022-01-30 00:00:00,滨海新区文化馆,关闭,滨海新区,迎宾街辅路
810,2022-01-30 00:00:00,滨海文化中心,关闭,滨海新区,解放路
811,2022-01-30 00:00:00,天津国家海洋博物馆,关闭,滨海新区,荣盛路
812,2022-01-30 00:00:00,泰达航母主题公园,关闭,滨海新区,S11(海滨大道)
813,2022-01-30 00:00:00,天津方特欢乐世界,关闭,滨海新区,
814,2022-01-30 00:00:00,地铁6号线北宁公园站C出入口,关闭,东丽区,
815,2022-01-30 00:00:00,宁园街舒园里,划定管控区,河北区,水产前街
816,2022-01-30 00:00:00,王串场街汇仁云居（封控区除外）,划定管控区,河东区,金钟河东街
817,2022-01-30 00:00:00,真理道（东纵快速路为起点）-王串场五号路-正义道-金钟河东街-幸福道-东纵快速路（真理道为终点）围合区域（封控区、管控区除外）,划定防范区,河北区,真理道
818,2022-01-30 00:00:00,养鱼池路（中山北路为起点）-金钟河大街-育红路辅路-中山北路（养鱼池路为终点）围合区域（封控区、管控区除外）,划定防范区,河北区,民权南里
819,2022-01-30 00:00:00,地铁6号线一中心医院站,关闭,南开区,复康路
820,2022-01-31 00:00:00,地铁6号线北宁公园站,关闭,东丽区,
821,2022-01-31 00:00:00,地铁6号线二期咸水沽西站,恢复运营,东丽区,
822,2022-01-31 00:00:00,林锦花园,划定低风险地区,津南区,永胜道
823,2022-01-31 00:00:00,林绣花园,划定低风险地区,津南区,永胜道
824,2022-01-31 00:00:00,鑫昱花园,划定低风险地区,津南区,永红道
825,2022-01-31 00:00:00,上悦花园,划定低风险地区,津南区,康和路
826,2022-01-31 00:00:00,首创星景苑,划定低风险地区,津南区,吉泰道
827,2022-01-31 00:00:00,鑫旺里,划定低风险地区,津南区,鑫盛路
828,2022-01-31 00:00:00,义佳花园,划定低风险地区,津南区,慧通道
829,2022-01-31 00:00:00,丰达园,划定低风险地区,津南区,南华路
830,2022-01-31 00:00:00,龙湖紫宸,划定低风险地区,津南区,S317(二八公路)
831,2022-01-31 00:00:00,欣桃园,划定低风险地区,津南区,缘海路
832,2022-01-31 00:00:00,上东苑,划定低风险地区,津南区,鑫怡路
833,2022-01-31 00:00:00,汀芳花园,划定低风险地区,津南区,文苑路
834,2022-01-31 00:00:00,汀兰花园,划定低风险地区,津南区,X461(白万路)
835,2022-01-31 00:00:00,东旺家园,划定低风险地区,津南区,津沽大街
836,2022-01-31 00:00:00,宝业馨苑,划定低风险地区,津南区,新兴南路
837,2022-01-31 00:00:00,博雅花园,划定低风险地区,蓟州区,武定西街
838,2022-01-31 00:00:00,金才园,划定低风险地区,津南区,S350(津南大道)
839,2022-01-31 00:00:00,金芳园,划定低风险地区,津南区,韩城桥路
840,2022-01-31 00:00:00,柳景家园,划定低风险地区,津南区,强盛路一期
841,2022-01-31 00:00:00,仁和园,划定低风险地区,津南区,X441(梨双路)
842,2022-01-31 00:00:00,仁永名居,划定低风险地区,津南区,赤龙街
843,2022-01-31 00:00:00,善和园,划定低风险地区,津南区,景荷道
844,2022-01-31 00:00:00,林锦花园,解除封控区管控,津南区,永胜道
845,2022-01-31 00:00:00,林绣花园,解除封控区管控,津南区,永胜道
846,2022-01-31 00:00:00,鑫旺里（南区）32号楼,解除封控区管控,津南区,平凡道
847,2022-01-31 00:00:00,鑫旺里（南区）46号楼,解除封控区管控,津南区,鑫盛路
848,2022-01-31 00:00:00,鑫旺里（南区）56号楼,解除封控区管控,津南区,鑫盛路
849,2022-01-31 00:00:00,鑫旺里（南区）59号楼,解除封控区管控,津南区,平凡道
850,2022-01-31 00:00:00,鑫旺里（南区）65号楼,解除封控区管控,津南区,平凡道
851,2022-01-31 00:00:00,欣桃园2号楼,解除封控区管控,津南区,缘海路
852,2022-01-31 00:00:00,欣桃园3号楼,解除封控区管控,津南区,缘海路
853,2022-01-31 00:00:00,欣桃园5号楼,解除封控区管控,津南区,缘海路
854,2022-01-31 00:00:00,欣桃园12号楼,解除封控区管控,津南区,缘海路
855,2022-01-31 00:00:00,欣桃园14号楼,解除封控区管控,津南区,洪沽道
856,2022-01-31 00:00:00,首创悦山郡7号楼,解除封控区管控,津南区,建明道
857,2022-01-31 00:00:00,鑫旺里（南区）,解除管控区管控,津南区,平凡道
858,2022-01-31 00:00:00,欣桃园,解除管控区管控,津南区,缘海路
859,2022-01-31 00:00:00,首创悦山郡,解除管控区管控,津南区,建明道
860,2022-01-31 00:00:00,原有津南区防范区,解除防范区管控,津南区,S107(津港公路)
861,2022-01-31 00:00:00,建昌道街中山东里12门,划定封控区,河北区,红星路
862,2022-01-31 00:00:00,建昌道街中山东里13门,划定封控区,河北区,红星北路
863,2022-01-31 00:00:00,建昌道街中山东里14门,划定封控区,河北区,红星路
864,2022-01-31 00:00:00,建昌道街中山东里15门,划定封控区,河北区,红星路
865,2022-01-31 00:00:00,滨海新区安阳里13号楼,划定封控区,滨海新区,万顺街
866,2022-01-31 00:00:00,甘肃路12号副1栋,划定封控区,滨海新区,津塘路
867,2022-01-31 00:00:00,莱茵春天25号楼,划定封控区,滨海新区,丽溪道
868,2022-01-31 00:00:00,滨海新区安阳里（除封控区外）,划定管控区,滨海新区,友谊街
869,2022-01-31 00:00:00,甘肃路12号副2栋,划定管控区,滨海新区,津塘路
870,2022-01-31 00:00:00,公交212东线,恢复运营,河西区,宾水道
871,2022-01-31 00:00:00,公交207,恢复运营,河西区,宾水道
872,2022-01-31 00:00:00,公交808,恢复运营,河西区,宾水道
873,2022-01-31 00:00:00,公交629,恢复运营,河西区,宾水道
874,2022-01-31 00:00:00,公交205,恢复运营,河西区,宾水道
875,2022-01-31 00:00:00,公交223,恢复运营,河西区,宾水道
876,2022-01-31 00:00:00,公交203,恢复运营,河西区,宾水道
877,2022-01-31 00:00:00,公交220,恢复运营,河西区,宾水道
878,2022-01-31 00:00:00,公交627,恢复运营,河西区,宾水道
879,2022-01-31 00:00:00,公交655,恢复运营,河西区,宾水道
880,2022-01-31 00:00:00,公交704,恢复运营,河西区,宾水道
881,2022-01-31 00:00:00,公交202,恢复运营,河西区,宾水道
882,2022-01-31 00:00:00,公交204,恢复运营,河西区,宾水道
883,2022-01-31 00:00:00,公交214,恢复运营,河西区,宾水道
884,2022-01-31 00:00:00,公交217,恢复运营,河西区,宾水道
885,2022-01-31 00:00:00,公交219,恢复运营,河西区,宾水道
886,2022-01-31 00:00:00,公交224,恢复运营,河西区,宾水道
887,2022-01-31 00:00:00,公交228,恢复运营,河西区,宾水道
888,2022-01-31 00:00:00,公交309,恢复运营,河西区,宾水道
889,2022-01-31 00:00:00,公交226东线,恢复运营,河西区,宾水道
890,2022-01-31 00:00:00,公交226西线,恢复运营,河西区,宾水道
891,2022-01-31 00:00:00,公交212西线,恢复运营,河西区,宾水道
892,2022-01-31 00:00:00,公交215,恢复运营,河西区,宾水道
893,2022-01-31 00:00:00,公交216,恢复运营,河西区,宾水道
894,2022-01-31 00:00:00,公交652北线,恢复运营,河西区,宾水道
895,2022-01-31 00:00:00,公交652快线,恢复运营,河西区,宾水道
896,2022-01-31 00:00:00,公交342,恢复运营,河西区,宾水道
897,2022-01-31 00:00:00,公交201,恢复运营,河西区,宾水道
898,2022-01-31 00:00:00,公交213,恢复运营,河西区,宾水道
899,2022-01-31 00:00:00,公交218,恢复运营,河西区,宾水道
900,2022-01-31 00:00:00,千禧园东区29号楼,划定封控区,红桥区,西青道辅路
901,2022-01-31 00:00:00,千禧园东区28号楼,划定管控区,红桥区,西青道
902,2022-01-31 00:00:00,千禧园东区30号楼,划定管控区,红桥区,西青道
903,2022-01-31 00:00:00,千禧园东区31号楼,划定管控区,红桥区,西青道辅路
904,2022-02-01 00:00:00,新北街道迎年里8号楼,划定封控区,滨海新区,宝山道
905,2022-02-01 00:00:00,新北街道迎年里5号楼,划定管控区,滨海新区,宝山道
906,2022-02-01 00:00:00,新北街道迎年里10号楼,划定管控区,滨海新区,宝山道
907,2022-02-01 00:00:00,新北街道迎年里小区车棚,划定管控区,滨海新区,宝山道
908,2022-02-01 00:00:00,建昌道街中山东里34门,划定封控区,河北区,红星路
909,2022-02-01 00:00:00,建昌道街中山东里35门,划定封控区,河北区,红星路
910,2022-02-01 00:00:00,建昌道街中山东里36门,划定封控区,河北区,红星路
911,2022-02-01 00:00:00,春华街道月光园小区2号楼,划定封控区,河东区,新广路
912,2022-02-01 00:00:00,春华街道月光园小区除2号楼、18号楼、19号楼及20号楼以外的其他区域,划定管控区,河东区,新广路
913,2022-02-01 00:00:00,星光园小区,划定管控区,滨海新区,S315(港中线)
914,2022-02-02 00:00:00,宁园街舒园里3号楼,划定封控区,河北区,育红路辅路
915,2022-02-02 00:00:00,建昌道街富瀛洲花园17号楼,划定封控区,河北区,泰州路
916,2022-02-02 00:00:00,常州道街道爱营里4号楼2门,划定封控区,河东区,泰兴路
917,2022-02-02 00:00:00,常州道街道爱营里4号楼3门,划定封控区,河东区,泰兴路
918,2022-02-02 00:00:00,常州道街道爱营里3号楼,划定管控区,河东区,泰兴路
919,2022-02-02 00:00:00,常州道街道爱营里4号楼（除2门、3门以外）,划定管控区,河东区,泰兴路
920,2022-02-02 00:00:00,建昌道街中山北里20门,划定封控区,河北区,长青路
921,2022-02-02 00:00:00,建昌道街中山北里21门,划定封控区,河北区,长青路
922,2022-02-02 00:00:00,建昌道街中山北里22门,划定封控区,河北区,长青路
923,2022-02-02 00:00:00,建昌道街中山北里23门,划定封控区,河北区,长青路
924,2022-02-02 00:00:00,建昌道街中山北里（20、21、22、23门封控区除外）,划定管控区,河北区,长青路
925,2022-02-02 00:00:00,中山东里（12、13、14、15、34、35、36门封控区除外）,划定管控区,河北区,红星路
926,2022-02-02 00:00:00,建红里,划定管控区,河北区,红星北路
927,2022-02-02 00:00:00,富灜洲花园小区（17号楼封控区除外）,划定管控区,河北区,小红星路
928,2022-02-02 00:00:00,宁园街舒园里5号楼,划定高风险地区,河北区,水产前街
929,2022-02-02 00:00:00,建昌道街中山北里20门,划定中风险地区,河北区,长青路
930,2022-02-02 00:00:00,滨海新区大沽街安阳里13号楼,划定中风险地区,滨海新区,万顺街
931,2022-02-02 00:00:00,河东区春华街道月光园2号楼,划定中风险地区,河东区,新环路
932,2022-02-02 00:00:00,红光楼3号门,划定封控区,红桥区,光荣道
933,2022-02-02 00:00:00,红光楼4号门,划定封控区,红桥区,光荣道
934,2022-02-02 00:00:00,红光楼5号门,划定封控区,红桥区,光荣道
935,2022-02-02 00:00:00,红光楼6号门,划定封控区,红桥区,光荣道
936,2022-02-02 00:00:00,红光楼7号门,划定封控区,红桥区,光荣道
937,2022-02-02 00:00:00,安阳里11号楼,划定管控区,滨海新区,友谊街
938,2022-02-02 00:00:00,安阳里12号楼,划定管控区,滨海新区,友谊街
939,2022-02-02 00:00:00,安阳里15号楼,划定管控区,滨海新区,万顺道
940,2022-02-02 00:00:00,安阳里16号楼,划定管控区,滨海新区,万顺街
941,2022-02-02 00:00:00,安阳里17号楼,划定管控区,滨海新区,万顺街
942,2022-02-02 00:00:00,新北街道迎春里1号楼,划定封控区,滨海新区,永兴道
943,2022-02-09 00:00:00,地铁6号线北宁公园站,恢复运营,东丽区,
944,2022-02-09 00:00:00,地铁3号线中山路站,关闭,河北区,东三经路
945,2022-02-09 00:00:00,地铁6号线民权门站,关闭,东丽区,
946,2022-02-09 00:00:00,地铁6号线一中心医院站,关闭,南开区,复康路
947,2022-02-10 00:00:00,王串场街莹津里12号楼43门,解除封控区管控,河北区,二号路
948,2022-02-10 00:00:00,宁园街润园里6号楼21门,解除封控区管控,河北区,养鱼池路
949,2022-02-10 00:00:00,王串场街莹津里12号楼43门,划定防范区,河北区,二号路
950,2022-02-10 00:00:00,宁园街润园里6号楼21门,划定防范区,河北区,养鱼池路
951,2022-02-10 00:00:00,金桥街道枫愉园小区4号楼,解除管控区管控,东丽区,茗华道辅路
952,2022-02-10 00:00:00,金桥街道枫愉园小区，4号楼除外,解除防范区管控,东丽区,茗华道辅路
953,2022-02-11 00:00:00,迎年里小区8号楼,解除封控区管控,滨海新区,宝山道
954,2022-02-11 00:00:00,迎年里小区5号楼,解除管控区管控,滨海新区,宝山道
955,2022-02-11 00:00:00,迎年里小区10号楼,解除管控区管控,南开区,海洋道
956,2022-02-11 00:00:00,迎年里小区车棚,解除管控区管控,滨海新区,宝山道
957,2022-02-12 00:00:00,泰达航母主题公园,开放,滨海新区,S11(海滨大道)
958,2022-02-12 00:00:00,国家海洋博物馆,开放,滨海新区,荣盛路
959,2022-02-11 00:00:00,大沽口炮台遗址博物馆,开放,滨海新区,炮台路
960,2022-02-11 00:00:00,望海楼街万福园7号楼,解除封控区管控,河北区,昆纬路
961,2022-02-11 00:00:00,望海楼街万福园8号楼,解除封控区管控,河北区,昆纬路
962,2022-02-11 00:00:00,昆纬路、东五经路、东六经路、新大路围合区域,解除管控区管控,河北区,东六经路
963,2022-02-11 00:00:00,新大路（中山路为起点）-东三经路-京津城际铁路-东六经路-金钟路-金海道-海河东路-中山路(新大路为终点)围合区域,解除防范区管控,河北区,海河东路
964,2022-02-11 00:00:00,望海楼街万福园7号楼,划定低风险地区,河北区,昆纬路
965,2022-02-12 00:00:00,地铁3号线中山路站,恢复运营,河北区,东三经路
966,2022-02-12 00:00:00,张家窝镇珑园小区67号楼,划定封控区,西青区,
967,2022-02-12 00:00:00,张家窝镇珑园小区（除67号楼外）,划定管控区,西青区,
968,2022-02-12 00:00:00,建昌道街红波西里21号楼,划定低风险地区,河北区,红星路
969,2022-02-13 00:00:00,滨海新区杭州道街甘肃路12号,解除封控区管控,滨海新区,津塘路
970,2022-02-14 00:00:00,地铁6号线一中心医院站,恢复运营,南开区,复康路
971,2022-02-14 00:00:00,建昌道街中山东里12门,解除封控区管控,河北区,红星路
972,2022-02-14 00:00:00,建昌道街中山东里13门,解除封控区管控,河北区,红星北路
973,2022-02-14 00:00:00,建昌道街中山东里14门,解除封控区管控,河北区,红星路
974,2022-02-14 00:00:00,建昌道街中山东里15门,解除封控区管控,河北区,红星路
975,2022-02-14 00:00:00,建昌道街中山东里12门,划定管控区,河北区,红星路
976,2022-02-14 00:00:00,建昌道街中山东里13门,划定管控区,河北区,红星北路
977,2022-02-14 00:00:00,建昌道街中山东里14门,划定管控区,河北区,红星路
978,2022-02-14 00:00:00,建昌道街中山东里15门,划定管控区,河北区,红星路
979,2022-02-15 00:00:00,河东区春华街道月光园2号楼,划定低风险地区,河东区,新环路
980,2022-02-15 00:00:00,建昌道街中山东里34门,解除封控区管控,河北区,红星路
981,2022-02-15 00:00:00,建昌道街中山东里35门,解除封控区管控,河北区,红星路
982,2022-02-15 00:00:00,建昌道街中山东里36门,解除封控区管控,河北区,红星路
983,2022-02-15 00:00:00,建昌道街中山东里34门,划定管控区,河北区,红星路
984,2022-02-15 00:00:00,建昌道街中山东里35门,划定管控区,河北区,红星路
985,2022-02-15 00:00:00,建昌道街中山东里36门,划定管控区,河北区,红星路
986,2022-02-16 00:00:00,宁园街舒园里3号楼,解除封控区管控,河北区,育红路辅路
987,2022-02-16 00:00:00,宁园街舒园里,解除管控区管控,河北区,水产前街
988,2022-02-16 00:00:00,养鱼池路（中山北路为起点）-金钟河大街-育红路辅路-中山北路（养鱼池路为终点）围合区域,解除防范区管控,河北区,民权南里
989,2022-02-16 00:00:00,建昌道街富瀛洲花园17号楼,解除封控区管控,河北区,泰州路
990,2022-02-16 00:00:00,建昌道街富瀛洲花园17号楼,划定管控区,河北区,泰州路
991,2022-02-16 00:00:00,建昌道街中山北里20门,划定低风险地区,河北区,长青路
992,2022-02-16 00:00:00,地铁6号线北宁公园站C出入口,开启,东丽区,
993,2022-02-16 00:00:00,建昌道街中山北里20门,解除封控区管控,河北区,长青路
994,2022-02-16 00:00:00,建昌道街中山北里21门,解除封控区管控,河北区,长青路
995,2022-02-16 00:00:00,建昌道街中山北里22门,解除封控区管控,河北区,长青路
996,2022-02-16 00:00:00,建昌道街中山北里23门,解除封控区管控,河北区,长青路
997,2022-02-16 00:00:00,建昌道街富瀛洲花园,解除管控区管控,河北区,小红星路
998,2022-02-16 00:00:00,中山东里,解除管控区管控,河北区,红星路
999,2022-02-16 00:00:00,中山北里,解除管控区管控,河北区,长青路
1000,2022-02-16 00:00:00,建红里,解除管控区管控,河北区,红星北路
1001,2022-02-16 00:00:00,建昌道（育红路为起点）-小红星路-泰兴路-金钟河大街-育红路（建昌道为终点）围合区域,解除防范区管控,河北区,金钟河大街
1002,2022-02-16 00:00:00,方特欢乐世界,恢复运营,滨海新区,中生大道
1003,2022-02-18 00:00:00,天津长客西站汽车站,开站,河西区,宾水道
1004,2022-02-17 00:00:00,天津通莎客运站,恢复运营,河东区,新兆路
1005,2022-02-21 00:00:00,天津之眼,恢复运营,河北区,慈航路
